id,name,partner_id/id,partner_shipping_id/id,date_order,note,x_studio_x_studio_job_type,x_studio_lead_source,x_studio_workiz_tech,x_studio_workiz_uuid,x_studio_workiz_link,order_line/product_id/name,order_line/name,order_line/price_unit,order_line/product_uom_qty
order_G0M90B,3993,client_1784,property_59282090,2025-12-05 14:30:00,,Windows Inside & Outside Plus Screens,Referral,"[{'id': 75737, 'Name': 'Dan Saunders'}]",G0M90B,https://app.workiz.com/root/job/G0M90B/1,Windows In & Out - Full Service,"Includes: Inside - Vacuuming tracks on the inside, clean windows
                 Outside - Brush Tracks & Frames, clean windows, dry brush screens",150,1
order_5HPZW2,3988,client_1034,property_11384474,2025-12-02 10:00:00,,Screen(s) - New,Herald,"[{'id': 238856, 'Name': 'Danny Saunders'}]",5HPZW2,https://app.workiz.com/root/job/5HPZW2/1,Screens - New,,60,1
order_N42HHY,3680,client_1034,property_11384474,2025-11-11 10:00:00,,Windows Inside & Outside Plus Screens,Herald,"[{'id': 75737, 'Name': 'Dan Saunders'}]",N42HHY,https://app.workiz.com/root/job/N42HHY/1,Windows In & Out - Full Service,"Includes: Inside - Vacuuming tracks on the inside, clean windows
                 Outside - Brush Tracks & Frames, clean windows, dry brush screens",145,1
order_PLUUHG,3538,client_1034,property_11384474,2025-05-07 10:00:00,,Outside Windows and Screens,Herald,"[{'id': 75737, 'Name': 'Dan Saunders'}]",PLUUHG,https://app.workiz.com/root/job/PLUUHG/1,Outside Windows And Screens,,80,1
order_E6L9H3,3452,client_1784,property_49153609,2025-12-05 14:30:00,,Windows Inside & Outside Plus Screens,Referral,"[{'id': 75737, 'Name': 'Dan Saunders'}]",E6L9H3,https://app.workiz.com/root/job/E6L9H3/1,Windows In & Out - Full Service,"Includes: Inside - Vacuuming tracks on the inside, clean windows
                 Outside - Brush Tracks & Frames, clean windows, dry brush screens",150,1
order_Z9KG1I,3412,client_1784,property_49153609,2024-12-19 12:00:00,,Windows Inside & Outside Plus Screens,Referral,"[{'id': 75737, 'Name': 'Dan Saunders'}]",Z9KG1I,https://app.workiz.com/root/job/Z9KG1I/1,Windows In & Out - Full Service,"Includes: Inside - Vacuuming tracks on the inside, clean windows
                 Outside - Brush Tracks & Frames, clean windows, dry brush screens",150,1
order_XRXHPW,2071,client_1034,property_11384474,2023-05-30 15:00:00,,Outside Windows and Screens,Herald,"[{'id': 75737, 'Name': 'Dan Saunders'}]",XRXHPW,https://app.workiz.com/root/job/XRXHPW/1,Outside Windows And Screens,,75,1
order_M6BRN9,272,client_1034,property_11384474,2022-03-16 15:00:00,,Outside Windows and Screens,Herald,"[{'id': 75737, 'Name': 'Dan Saunders'}]",M6BRN9,https://app.workiz.com/root/job/M6BRN9/1,Outside Windows And Screens,,75,1
order_OBBDQW,104,client_1034,property_11384474,2019-10-24 09:00:00,,Windows Inside & Outside Plus Screens,Herald,"[{'id': 75737, 'Name': 'Dan Saunders'}]",OBBDQW,https://app.workiz.com/root/job/OBBDQW/1,Windows In & Out - Full Service,,120,1
order_918TXY,53,client_1034,property_11384474,2020-08-10 09:00:00,,Outside Windows and Screens,Herald,"[{'id': 75737, 'Name': 'Dan Saunders'}]",918TXY,https://app.workiz.com/root/job/918TXY/1,Outside Windows And Screens,COVID-19,70,1
